{
    "loss": 0.2686120867729187,
    "accuracy": 0.9208633303642273
}