{
    "loss": 0.3628108501434326,
    "accuracy": 0.7338129281997681
}